prompt,response
What is the account balance of Alejandro Long?,The account balance of Alejandro Long is 2088.
What is the credit score of Alejandro Long?,The credit score of Alejandro Long is 686.
What type of account does Alejandro Long have?,Alejandro Long has a Credit account.
What is the phone number of Alejandro Long?,The phone number of Alejandro Long is 331.366.2604.
What is the email address of Alejandro Long?,The email address of Alejandro Long is haleymartin@example.org.
What is the address of Alejandro Long?,"The address of Alejandro Long is 35190 Johnson Camp Apt. 991
Port Danielhaven, DE 26561."
When is the date of birth of Alejandro Long?,The date of birth of Alejandro Long is 17-11-1960.
When was the last transaction date for Alejandro Long?,The last transaction date for Alejandro Long was 21-06-2024.
What is the account balance of Timothy Thomas MD?,The account balance of Timothy Thomas MD is 4859.
What is the credit score of Timothy Thomas MD?,The credit score of Timothy Thomas MD is 645.
What type of account does Timothy Thomas MD have?,Timothy Thomas MD has a Investment account.
What is the phone number of Timothy Thomas MD?,The phone number of Timothy Thomas MD is 776-799-4054.
What is the email address of Timothy Thomas MD?,The email address of Timothy Thomas MD is belljeffrey@example.net.
What is the address of Timothy Thomas MD?,"The address of Timothy Thomas MD is 81424 Ryan Fields
Christianmouth, DE 60698."
When is the date of birth of Timothy Thomas MD?,The date of birth of Timothy Thomas MD is 30-10-1985.
When was the last transaction date for Timothy Thomas MD?,The last transaction date for Timothy Thomas MD was 05-05-2024.
What is the account balance of Travis Lewis?,The account balance of Travis Lewis is 6014.
What is the credit score of Travis Lewis?,The credit score of Travis Lewis is 377.
What type of account does Travis Lewis have?,Travis Lewis has a Savings account.
What is the phone number of Travis Lewis?,The phone number of Travis Lewis is 687.695.8924.
What is the email address of Travis Lewis?,The email address of Travis Lewis is williamsjillian@example.org.
What is the address of Travis Lewis?,"The address of Travis Lewis is 447 John Expressway
West Rodney, NV 54882."
When is the date of birth of Travis Lewis?,The date of birth of Travis Lewis is 08-06-1943.
When was the last transaction date for Travis Lewis?,The last transaction date for Travis Lewis was 07-05-2024.
What is the account balance of Scott Moss?,The account balance of Scott Moss is 6435.
What is the credit score of Scott Moss?,The credit score of Scott Moss is 461.
What type of account does Scott Moss have?,Scott Moss has a Checking account.
What is the phone number of Scott Moss?,The phone number of Scott Moss is 758-286-0945x3233.
What is the email address of Scott Moss?,The email address of Scott Moss is englishmichael@example.org.
What is the address of Scott Moss?,"The address of Scott Moss is 26893 Douglas Glens Apt. 811
East Donnaport, MP 97703."
When is the date of birth of Scott Moss?,The date of birth of Scott Moss is 05-11-1980.
When was the last transaction date for Scott Moss?,The last transaction date for Scott Moss was 07-04-2024.
What is the account balance of Jamie Martin?,The account balance of Jamie Martin is 1130.
What is the credit score of Jamie Martin?,The credit score of Jamie Martin is 620.
What type of account does Jamie Martin have?,Jamie Martin has a Investment account.
What is the phone number of Jamie Martin?,The phone number of Jamie Martin is 748.381.0897.
What is the email address of Jamie Martin?,The email address of Jamie Martin is brandon78@example.net.
What is the address of Jamie Martin?,"The address of Jamie Martin is 0630 Duncan Mills
West Oliviaview, OH 99313."
When is the date of birth of Jamie Martin?,The date of birth of Jamie Martin is 16-04-1999.
When was the last transaction date for Jamie Martin?,The last transaction date for Jamie Martin was 15-03-2024.
What is the account balance of Drew Martin?,The account balance of Drew Martin is 2164.
What is the credit score of Drew Martin?,The credit score of Drew Martin is 761.
What type of account does Drew Martin have?,Drew Martin has a Credit account.
What is the phone number of Drew Martin?,The phone number of Drew Martin is 2882798396.
What is the email address of Drew Martin?,The email address of Drew Martin is nbrown@example.net.
What is the address of Drew Martin?,"The address of Drew Martin is 14729 Brandon Cliff
Hutchinsonton, LA 22435."
When is the date of birth of Drew Martin?,The date of birth of Drew Martin is 14-04-1951.
When was the last transaction date for Drew Martin?,The last transaction date for Drew Martin was 16-04-2024.
What is the account balance of David Kaufman?,The account balance of David Kaufman is 6229.
What is the credit score of David Kaufman?,The credit score of David Kaufman is 693.
What type of account does David Kaufman have?,David Kaufman has a Checking account.
What is the phone number of David Kaufman?,The phone number of David Kaufman is (591)910-4061.
What is the email address of David Kaufman?,The email address of David Kaufman is villachad@example.net.
What is the address of David Kaufman?,"The address of David Kaufman is 654 Phillips Walks Apt. 062
Stephenburgh, WA 39635."
When is the date of birth of David Kaufman?,The date of birth of David Kaufman is 21-08-1980.
When was the last transaction date for David Kaufman?,The last transaction date for David Kaufman was 28-01-2024.
What is the account balance of Christopher Johnson?,The account balance of Christopher Johnson is 8869.
What is the credit score of Christopher Johnson?,The credit score of Christopher Johnson is 747.
What type of account does Christopher Johnson have?,Christopher Johnson has a Credit account.
What is the phone number of Christopher Johnson?,The phone number of Christopher Johnson is -2788.
What is the email address of Christopher Johnson?,The email address of Christopher Johnson is taylor57@example.org.
What is the address of Christopher Johnson?,"The address of Christopher Johnson is Unit 1901 Box 2978
DPO AA 03619."
When is the date of birth of Christopher Johnson?,The date of birth of Christopher Johnson is 27-09-1997.
When was the last transaction date for Christopher Johnson?,The last transaction date for Christopher Johnson was 15-02-2024.
What is the account balance of Kathleen Davis?,The account balance of Kathleen Davis is 8552.
What is the credit score of Kathleen Davis?,The credit score of Kathleen Davis is 546.
What type of account does Kathleen Davis have?,Kathleen Davis has a Checking account.
What is the phone number of Kathleen Davis?,The phone number of Kathleen Davis is 4455110864.
What is the email address of Kathleen Davis?,The email address of Kathleen Davis is james06@example.net.
What is the address of Kathleen Davis?,"The address of Kathleen Davis is 8713 Lee Heights Apt. 580
Port Erika, CO 84570."
When is the date of birth of Kathleen Davis?,The date of birth of Kathleen Davis is 26-03-1961.
When was the last transaction date for Kathleen Davis?,The last transaction date for Kathleen Davis was 23-04-2024.
What is the account balance of Marcus Carter?,The account balance of Marcus Carter is 6756.
What is the credit score of Marcus Carter?,The credit score of Marcus Carter is 821.
What type of account does Marcus Carter have?,Marcus Carter has a Checking account.
What is the phone number of Marcus Carter?,The phone number of Marcus Carter is (274)290-6960.
What is the email address of Marcus Carter?,The email address of Marcus Carter is hthompson@example.com.
What is the address of Marcus Carter?,"The address of Marcus Carter is 8657 Washington Way Apt. 071
South Bobbymouth, WV 79054."
When is the date of birth of Marcus Carter?,The date of birth of Marcus Carter is 13-12-1961.
When was the last transaction date for Marcus Carter?,The last transaction date for Marcus Carter was 07-04-2024.
What is the account balance of Spencer Hernandez?,The account balance of Spencer Hernandez is 9027.
What is the credit score of Spencer Hernandez?,The credit score of Spencer Hernandez is 490.
What type of account does Spencer Hernandez have?,Spencer Hernandez has a Investment account.
What is the phone number of Spencer Hernandez?,The phone number of Spencer Hernandez is 7065839654.
What is the email address of Spencer Hernandez?,The email address of Spencer Hernandez is william63@example.com.
What is the address of Spencer Hernandez?,"The address of Spencer Hernandez is 4223 Li Drives
Moniqueland, VT 23219."
When is the date of birth of Spencer Hernandez?,The date of birth of Spencer Hernandez is 10-12-1990.
When was the last transaction date for Spencer Hernandez?,The last transaction date for Spencer Hernandez was 09-03-2024.
What is the account balance of Joseph Erickson?,The account balance of Joseph Erickson is 9959.
What is the credit score of Joseph Erickson?,The credit score of Joseph Erickson is 425.
What type of account does Joseph Erickson have?,Joseph Erickson has a Credit account.
What is the phone number of Joseph Erickson?,The phone number of Joseph Erickson is (604)703-1055.
What is the email address of Joseph Erickson?,The email address of Joseph Erickson is smithbrandi@example.net.
What is the address of Joseph Erickson?,"The address of Joseph Erickson is 75259 Jones Hollow
Amandahaven, AZ 68643."
When is the date of birth of Joseph Erickson?,The date of birth of Joseph Erickson is 31-10-1936.
When was the last transaction date for Joseph Erickson?,The last transaction date for Joseph Erickson was 21-05-2024.
What is the account balance of Courtney Harris?,The account balance of Courtney Harris is 1890.
What is the credit score of Courtney Harris?,The credit score of Courtney Harris is 412.
What type of account does Courtney Harris have?,Courtney Harris has a Savings account.
What is the phone number of Courtney Harris?,The phone number of Courtney Harris is 756-435-9955.
What is the email address of Courtney Harris?,The email address of Courtney Harris is obrientracy@example.org.
What is the address of Courtney Harris?,"The address of Courtney Harris is 790 Linda Overpass Apt. 010
South Scott, PW 65407."
When is the date of birth of Courtney Harris?,The date of birth of Courtney Harris is 31-05-1948.
When was the last transaction date for Courtney Harris?,The last transaction date for Courtney Harris was 15-06-2024.
What is the account balance of Kenneth Andrade?,The account balance of Kenneth Andrade is 6426.
What is the credit score of Kenneth Andrade?,The credit score of Kenneth Andrade is 559.
What type of account does Kenneth Andrade have?,Kenneth Andrade has a Savings account.
What is the phone number of Kenneth Andrade?,The phone number of Kenneth Andrade is 216-355-3446x6601.
What is the email address of Kenneth Andrade?,The email address of Kenneth Andrade is xfrey@example.com.
What is the address of Kenneth Andrade?,"The address of Kenneth Andrade is 12255 Jeffrey Squares
Port Travis, LA 24939."
When is the date of birth of Kenneth Andrade?,The date of birth of Kenneth Andrade is 14-05-1948.
When was the last transaction date for Kenneth Andrade?,The last transaction date for Kenneth Andrade was 30-05-2024.
What is the account balance of Craig Lyons?,The account balance of Craig Lyons is 4633.
What is the credit score of Craig Lyons?,The credit score of Craig Lyons is 594.
What type of account does Craig Lyons have?,Craig Lyons has a Credit account.
What is the phone number of Craig Lyons?,The phone number of Craig Lyons is 788.420.9802.
What is the email address of Craig Lyons?,The email address of Craig Lyons is pmartinez@example.net.
What is the address of Craig Lyons?,"The address of Craig Lyons is 5042 Moore Alley Apt. 026
Lake Meghanville, NY 82445."
When is the date of birth of Craig Lyons?,The date of birth of Craig Lyons is 03-02-1940.
When was the last transaction date for Craig Lyons?,The last transaction date for Craig Lyons was 11-03-2024.
What is the account balance of John Avery?,The account balance of John Avery is 2513.
What is the credit score of John Avery?,The credit score of John Avery is 582.
What type of account does John Avery have?,John Avery has a Investment account.
What is the phone number of John Avery?,The phone number of John Avery is -3578.
What is the email address of John Avery?,The email address of John Avery is hannah58@example.net.
What is the address of John Avery?,"The address of John Avery is Unit 1096 Box 9274
DPO AA 02406."
When is the date of birth of John Avery?,The date of birth of John Avery is 22-01-1955.
When was the last transaction date for John Avery?,The last transaction date for John Avery was 25-03-2024.
What is the account balance of Jody Barnes?,The account balance of Jody Barnes is 7245.
What is the credit score of Jody Barnes?,The credit score of Jody Barnes is 352.
What type of account does Jody Barnes have?,Jody Barnes has a Investment account.
What is the phone number of Jody Barnes?,The phone number of Jody Barnes is 687-282-1685.
What is the email address of Jody Barnes?,The email address of Jody Barnes is brownchristopher@example.com.
What is the address of Jody Barnes?,"The address of Jody Barnes is Unit 5081 Box 4494
DPO AA 96262."
When is the date of birth of Jody Barnes?,The date of birth of Jody Barnes is 09-01-1996.
When was the last transaction date for Jody Barnes?,The last transaction date for Jody Barnes was 03-02-2024.
What is the account balance of Rebecca Hahn?,The account balance of Rebecca Hahn is 2665.
What is the credit score of Rebecca Hahn?,The credit score of Rebecca Hahn is 774.
What type of account does Rebecca Hahn have?,Rebecca Hahn has a Savings account.
What is the phone number of Rebecca Hahn?,The phone number of Rebecca Hahn is (583)314-5890x68877.
What is the email address of Rebecca Hahn?,The email address of Rebecca Hahn is michelle67@example.com.
What is the address of Rebecca Hahn?,"The address of Rebecca Hahn is 92991 Fitzgerald Shores
Floreston, SC 02238."
When is the date of birth of Rebecca Hahn?,The date of birth of Rebecca Hahn is 25-10-1983.
When was the last transaction date for Rebecca Hahn?,The last transaction date for Rebecca Hahn was 06-05-2024.
What is the account balance of Shawn Edwards?,The account balance of Shawn Edwards is 7749.
What is the credit score of Shawn Edwards?,The credit score of Shawn Edwards is 496.
What type of account does Shawn Edwards have?,Shawn Edwards has a Savings account.
What is the phone number of Shawn Edwards?,The phone number of Shawn Edwards is 502.321.5477.
What is the email address of Shawn Edwards?,The email address of Shawn Edwards is jacksonkimberly@example.net.
What is the address of Shawn Edwards?,"The address of Shawn Edwards is 265 Miles Rue Apt. 464
Kingburgh, KS 04690."
When is the date of birth of Shawn Edwards?,The date of birth of Shawn Edwards is 07-07-1986.
When was the last transaction date for Shawn Edwards?,The last transaction date for Shawn Edwards was 16-02-2024.
What is the account balance of Jacob Hopkins?,The account balance of Jacob Hopkins is 7363.
What is the credit score of Jacob Hopkins?,The credit score of Jacob Hopkins is 824.
What type of account does Jacob Hopkins have?,Jacob Hopkins has a Investment account.
What is the phone number of Jacob Hopkins?,The phone number of Jacob Hopkins is 213-728-0985x396.
What is the email address of Jacob Hopkins?,The email address of Jacob Hopkins is tsellers@example.net.
What is the address of Jacob Hopkins?,"The address of Jacob Hopkins is 1568 Tasha Bypass Apt. 227
New Codyberg, WA 35031."
When is the date of birth of Jacob Hopkins?,The date of birth of Jacob Hopkins is 21-04-1954.
When was the last transaction date for Jacob Hopkins?,The last transaction date for Jacob Hopkins was 19-04-2024.
What is the account balance of Mark George?,The account balance of Mark George is 8772.
What is the credit score of Mark George?,The credit score of Mark George is 398.
What type of account does Mark George have?,Mark George has a Savings account.
What is the phone number of Mark George?,The phone number of Mark George is (694)762-9222x91119.
What is the email address of Mark George?,The email address of Mark George is alvaradojulie@example.com.
What is the address of Mark George?,"The address of Mark George is 5263 Karina Trail Suite 401
West Kathleen, VA 40804."
When is the date of birth of Mark George?,The date of birth of Mark George is 11-11-1967.
When was the last transaction date for Mark George?,The last transaction date for Mark George was 04-04-2024.
What is the account balance of Kristen Thompson?,The account balance of Kristen Thompson is 4990.
What is the credit score of Kristen Thompson?,The credit score of Kristen Thompson is 412.
What type of account does Kristen Thompson have?,Kristen Thompson has a Credit account.
What is the phone number of Kristen Thompson?,The phone number of Kristen Thompson is 520.848.7959.
What is the email address of Kristen Thompson?,The email address of Kristen Thompson is melissawelch@example.org.
What is the address of Kristen Thompson?,"The address of Kristen Thompson is 986 Zachary Throughway Apt. 671
Robertstad, OR 67323."
When is the date of birth of Kristen Thompson?,The date of birth of Kristen Thompson is 11-10-1974.
When was the last transaction date for Kristen Thompson?,The last transaction date for Kristen Thompson was 10-02-2024.
What is the account balance of John Cruz?,The account balance of John Cruz is 8427.
What is the credit score of John Cruz?,The credit score of John Cruz is 431.
What type of account does John Cruz have?,John Cruz has a Credit account.
What is the phone number of John Cruz?,The phone number of John Cruz is 506.783.6145x6353.
What is the email address of John Cruz?,The email address of John Cruz is angela01@example.org.
What is the address of John Cruz?,"The address of John Cruz is 132 Patricia Squares
Stephenbury, WA 29511."
When is the date of birth of John Cruz?,The date of birth of John Cruz is 24-11-1994.
When was the last transaction date for John Cruz?,The last transaction date for John Cruz was 01-07-2024.
What is the account balance of Shannon Brown?,The account balance of Shannon Brown is 7652.
What is the credit score of Shannon Brown?,The credit score of Shannon Brown is 455.
What type of account does Shannon Brown have?,Shannon Brown has a Savings account.
What is the phone number of Shannon Brown?,The phone number of Shannon Brown is 001-376-962-2177x06490.
What is the email address of Shannon Brown?,The email address of Shannon Brown is tyler40@example.org.
What is the address of Shannon Brown?,"The address of Shannon Brown is 989 Thomas Mountains Apt. 108
West Veronica, CT 19853."
When is the date of birth of Shannon Brown?,The date of birth of Shannon Brown is 24-07-1946.
When was the last transaction date for Shannon Brown?,The last transaction date for Shannon Brown was 24-01-2024.
What is the account balance of Thomas Hooper?,The account balance of Thomas Hooper is 6697.
What is the credit score of Thomas Hooper?,The credit score of Thomas Hooper is 334.
What type of account does Thomas Hooper have?,Thomas Hooper has a Credit account.
What is the phone number of Thomas Hooper?,The phone number of Thomas Hooper is (661)645-6842.
What is the email address of Thomas Hooper?,The email address of Thomas Hooper is adrian14@example.org.
What is the address of Thomas Hooper?,"The address of Thomas Hooper is 4817 Miller Union Suite 626
Lake Paulborough, WY 72858."
When is the date of birth of Thomas Hooper?,The date of birth of Thomas Hooper is 15-11-1934.
When was the last transaction date for Thomas Hooper?,The last transaction date for Thomas Hooper was 09-03-2024.
What is the account balance of Roger Mathis?,The account balance of Roger Mathis is 3540.
What is the credit score of Roger Mathis?,The credit score of Roger Mathis is 415.
What type of account does Roger Mathis have?,Roger Mathis has a Credit account.
What is the phone number of Roger Mathis?,The phone number of Roger Mathis is (507)772-6820x27871.
What is the email address of Roger Mathis?,The email address of Roger Mathis is gomezgary@example.com.
What is the address of Roger Mathis?,"The address of Roger Mathis is 582 Sara Gateway Apt. 984
South Catherineberg, NC 50711."
When is the date of birth of Roger Mathis?,The date of birth of Roger Mathis is 24-04-1971.
When was the last transaction date for Roger Mathis?,The last transaction date for Roger Mathis was 28-02-2024.
What is the account balance of Thomas Nelson?,The account balance of Thomas Nelson is 8190.
What is the credit score of Thomas Nelson?,The credit score of Thomas Nelson is 639.
What type of account does Thomas Nelson have?,Thomas Nelson has a Savings account.
What is the phone number of Thomas Nelson?,The phone number of Thomas Nelson is 525-449-7272.
What is the email address of Thomas Nelson?,The email address of Thomas Nelson is kimberly88@example.net.
What is the address of Thomas Nelson?,"The address of Thomas Nelson is 62799 Tiffany Causeway Suite 006
Teresaborough, AK 78857."
When is the date of birth of Thomas Nelson?,The date of birth of Thomas Nelson is 03-12-1964.
When was the last transaction date for Thomas Nelson?,The last transaction date for Thomas Nelson was 10-01-2024.
What is the account balance of Heidi Perry?,The account balance of Heidi Perry is 4543.
What is the credit score of Heidi Perry?,The credit score of Heidi Perry is 573.
What type of account does Heidi Perry have?,Heidi Perry has a Credit account.
What is the phone number of Heidi Perry?,The phone number of Heidi Perry is 451.611.4525.
What is the email address of Heidi Perry?,The email address of Heidi Perry is hardydeborah@example.com.
What is the address of Heidi Perry?,"The address of Heidi Perry is 39397 Reyes Route
West Dennisburgh, MH 45929."
When is the date of birth of Heidi Perry?,The date of birth of Heidi Perry is 14-11-1935.
When was the last transaction date for Heidi Perry?,The last transaction date for Heidi Perry was 01-01-2024.
What is the account balance of Tamara Lowe?,The account balance of Tamara Lowe is 6710.
What is the credit score of Tamara Lowe?,The credit score of Tamara Lowe is 320.
What type of account does Tamara Lowe have?,Tamara Lowe has a Savings account.
What is the phone number of Tamara Lowe?,The phone number of Tamara Lowe is (490)798-7528.
What is the email address of Tamara Lowe?,The email address of Tamara Lowe is todd59@example.com.
What is the address of Tamara Lowe?,"The address of Tamara Lowe is 6909 Allen Fields
Maureenport, ID 47561."
When is the date of birth of Tamara Lowe?,The date of birth of Tamara Lowe is 17-08-1982.
When was the last transaction date for Tamara Lowe?,The last transaction date for Tamara Lowe was 23-01-2024.
What is the account balance of Barbara Williams?,The account balance of Barbara Williams is 3185.
What is the credit score of Barbara Williams?,The credit score of Barbara Williams is 725.
What type of account does Barbara Williams have?,Barbara Williams has a Credit account.
What is the phone number of Barbara Williams?,The phone number of Barbara Williams is (727)793-0713.
What is the email address of Barbara Williams?,The email address of Barbara Williams is amandaroberts@example.org.
What is the address of Barbara Williams?,"The address of Barbara Williams is 867 Fox Burgs Apt. 958
Port Autumnmouth, VI 72868."
When is the date of birth of Barbara Williams?,The date of birth of Barbara Williams is 14-11-1938.
When was the last transaction date for Barbara Williams?,The last transaction date for Barbara Williams was 17-04-2024.
What is the account balance of Katrina Allen?,The account balance of Katrina Allen is 6915.
What is the credit score of Katrina Allen?,The credit score of Katrina Allen is 765.
What type of account does Katrina Allen have?,Katrina Allen has a Investment account.
What is the phone number of Katrina Allen?,The phone number of Katrina Allen is (510)232-6371x65096.
What is the email address of Katrina Allen?,The email address of Katrina Allen is ylarson@example.com.
What is the address of Katrina Allen?,"The address of Katrina Allen is 033 Natalie Rapids Suite 933
Mariahmouth, UT 85924."
When is the date of birth of Katrina Allen?,The date of birth of Katrina Allen is 29-08-1999.
When was the last transaction date for Katrina Allen?,The last transaction date for Katrina Allen was 26-06-2024.
What is the account balance of Zachary Larsen?,The account balance of Zachary Larsen is 2912.
What is the credit score of Zachary Larsen?,The credit score of Zachary Larsen is 464.
What type of account does Zachary Larsen have?,Zachary Larsen has a Savings account.
What is the phone number of Zachary Larsen?,The phone number of Zachary Larsen is +1-907-308-0628x4848.
What is the email address of Zachary Larsen?,The email address of Zachary Larsen is wanda29@example.com.
What is the address of Zachary Larsen?,"The address of Zachary Larsen is 1324 Hanson Cove
New Michael, VT 66050."
When is the date of birth of Zachary Larsen?,The date of birth of Zachary Larsen is 06-01-1959.
When was the last transaction date for Zachary Larsen?,The last transaction date for Zachary Larsen was 10-06-2024.
What is the account balance of Daisy Klein?,The account balance of Daisy Klein is 2036.
What is the credit score of Daisy Klein?,The credit score of Daisy Klein is 345.
What type of account does Daisy Klein have?,Daisy Klein has a Investment account.
What is the phone number of Daisy Klein?,The phone number of Daisy Klein is 9519215171.
What is the email address of Daisy Klein?,The email address of Daisy Klein is ronaldperez@example.com.
What is the address of Daisy Klein?,"The address of Daisy Klein is USS Goodwin
FPO AA 67044."
When is the date of birth of Daisy Klein?,The date of birth of Daisy Klein is 10-03-1981.
When was the last transaction date for Daisy Klein?,The last transaction date for Daisy Klein was 30-06-2024.
What is the account balance of Mark Flores?,The account balance of Mark Flores is 5130.
What is the credit score of Mark Flores?,The credit score of Mark Flores is 845.
What type of account does Mark Flores have?,Mark Flores has a Checking account.
What is the phone number of Mark Flores?,The phone number of Mark Flores is +1-566-468-0258x11085.
What is the email address of Mark Flores?,The email address of Mark Flores is vwilson@example.com.
What is the address of Mark Flores?,"The address of Mark Flores is 0903 Brian Mall
Cookmouth, ND 85599."
When is the date of birth of Mark Flores?,The date of birth of Mark Flores is 17-03-1947.
When was the last transaction date for Mark Flores?,The last transaction date for Mark Flores was 18-04-2024.
What is the account balance of Caroline Smith?,The account balance of Caroline Smith is 7566.
What is the credit score of Caroline Smith?,The credit score of Caroline Smith is 716.
What type of account does Caroline Smith have?,Caroline Smith has a Savings account.
What is the phone number of Caroline Smith?,The phone number of Caroline Smith is (276)884-9716x883.
What is the email address of Caroline Smith?,The email address of Caroline Smith is marynelson@example.com.
What is the address of Caroline Smith?,"The address of Caroline Smith is 80998 Burns Pass Suite 212
South Danielside, MA 93429."
When is the date of birth of Caroline Smith?,The date of birth of Caroline Smith is 10-06-1952.
When was the last transaction date for Caroline Smith?,The last transaction date for Caroline Smith was 26-01-2024.
What is the account balance of Erin Miller?,The account balance of Erin Miller is 6675.
What is the credit score of Erin Miller?,The credit score of Erin Miller is 576.
What type of account does Erin Miller have?,Erin Miller has a Investment account.
What is the phone number of Erin Miller?,The phone number of Erin Miller is 432-475-5282x13789.
What is the email address of Erin Miller?,The email address of Erin Miller is yelliott@example.net.
What is the address of Erin Miller?,"The address of Erin Miller is 8922 Diaz Burgs
East Johnmouth, OH 94424."
When is the date of birth of Erin Miller?,The date of birth of Erin Miller is 01-02-1996.
When was the last transaction date for Erin Miller?,The last transaction date for Erin Miller was 24-04-2024.
What is the account balance of Nathan Franco?,The account balance of Nathan Franco is 7961.
What is the credit score of Nathan Franco?,The credit score of Nathan Franco is 319.
What type of account does Nathan Franco have?,Nathan Franco has a Savings account.
What is the phone number of Nathan Franco?,The phone number of Nathan Franco is 921-465-9541x5560.
What is the email address of Nathan Franco?,The email address of Nathan Franco is jhodge@example.com.
What is the address of Nathan Franco?,"The address of Nathan Franco is 213 Holloway Vista Apt. 318
Brownshire, TX 16549."
When is the date of birth of Nathan Franco?,The date of birth of Nathan Franco is 22-04-1962.
When was the last transaction date for Nathan Franco?,The last transaction date for Nathan Franco was 12-01-2024.
What is the account balance of Christine Jacobs?,The account balance of Christine Jacobs is 8246.
What is the credit score of Christine Jacobs?,The credit score of Christine Jacobs is 673.
What type of account does Christine Jacobs have?,Christine Jacobs has a Credit account.
What is the phone number of Christine Jacobs?,The phone number of Christine Jacobs is -3145.
What is the email address of Christine Jacobs?,The email address of Christine Jacobs is adam82@example.net.
What is the address of Christine Jacobs?,"The address of Christine Jacobs is 403 Wilkins Rapids Suite 515
Ryanshire, PW 89397."
When is the date of birth of Christine Jacobs?,The date of birth of Christine Jacobs is 22-09-1954.
When was the last transaction date for Christine Jacobs?,The last transaction date for Christine Jacobs was 16-03-2024.
What is the account balance of Scott Anderson?,The account balance of Scott Anderson is 1863.
What is the credit score of Scott Anderson?,The credit score of Scott Anderson is 504.
What type of account does Scott Anderson have?,Scott Anderson has a Credit account.
What is the phone number of Scott Anderson?,The phone number of Scott Anderson is (789)545-2767x7050.
What is the email address of Scott Anderson?,The email address of Scott Anderson is joneslee@example.com.
What is the address of Scott Anderson?,"The address of Scott Anderson is 755 Burnett Courts Suite 456
North Laurenport, KS 29831."
When is the date of birth of Scott Anderson?,The date of birth of Scott Anderson is 08-07-1955.
When was the last transaction date for Scott Anderson?,The last transaction date for Scott Anderson was 13-02-2024.
What is the account balance of Scott Moss?,The account balance of Scott Moss is 3335.
What is the credit score of Scott Moss?,The credit score of Scott Moss is 437.
What type of account does Scott Moss have?,Scott Moss has a Savings account.
What is the phone number of Scott Moss?,The phone number of Scott Moss is 285.610.3368.
What is the email address of Scott Moss?,The email address of Scott Moss is dianafranklin@example.org.
What is the address of Scott Moss?,"The address of Scott Moss is 205 Jacqueline Flats Suite 892
West Paul, GA 16739."
When is the date of birth of Scott Moss?,The date of birth of Scott Moss is 24-04-1983.
When was the last transaction date for Scott Moss?,The last transaction date for Scott Moss was 24-04-2024.
What is the account balance of James Garcia?,The account balance of James Garcia is 1368.
What is the credit score of James Garcia?,The credit score of James Garcia is 627.
What type of account does James Garcia have?,James Garcia has a Credit account.
What is the phone number of James Garcia?,The phone number of James Garcia is +1-813-941-4391x851.
What is the email address of James Garcia?,The email address of James Garcia is sonya16@example.org.
What is the address of James Garcia?,"The address of James Garcia is 2200 Roach Mountains
Romeromouth, OH 71138."
When is the date of birth of James Garcia?,The date of birth of James Garcia is 27-03-1982.
When was the last transaction date for James Garcia?,The last transaction date for James Garcia was 11-01-2024.
What is the account balance of Megan Bradley?,The account balance of Megan Bradley is 2732.
What is the credit score of Megan Bradley?,The credit score of Megan Bradley is 566.
What type of account does Megan Bradley have?,Megan Bradley has a Checking account.
What is the phone number of Megan Bradley?,The phone number of Megan Bradley is (474)766-0017x49618.
What is the email address of Megan Bradley?,The email address of Megan Bradley is fryandrew@example.com.
What is the address of Megan Bradley?,"The address of Megan Bradley is 9422 William Radial
Ericchester, CA 22074."
When is the date of birth of Megan Bradley?,The date of birth of Megan Bradley is 06-01-1939.
When was the last transaction date for Megan Bradley?,The last transaction date for Megan Bradley was 28-02-2024.
What is the account balance of Daniel Lopez?,The account balance of Daniel Lopez is 1744.
What is the credit score of Daniel Lopez?,The credit score of Daniel Lopez is 719.
What type of account does Daniel Lopez have?,Daniel Lopez has a Savings account.
What is the phone number of Daniel Lopez?,The phone number of Daniel Lopez is (437)631-3523.
What is the email address of Daniel Lopez?,The email address of Daniel Lopez is hardynathan@example.com.
What is the address of Daniel Lopez?,"The address of Daniel Lopez is 0555 John Oval Apt. 918
South Jacquelineview, IN 44173."
When is the date of birth of Daniel Lopez?,The date of birth of Daniel Lopez is 08-08-1942.
When was the last transaction date for Daniel Lopez?,The last transaction date for Daniel Lopez was 09-06-2024.
What is the account balance of Paul Garcia?,The account balance of Paul Garcia is 1408.
What is the credit score of Paul Garcia?,The credit score of Paul Garcia is 300.
What type of account does Paul Garcia have?,Paul Garcia has a Credit account.
What is the phone number of Paul Garcia?,The phone number of Paul Garcia is 001-386-490-8247x889.
What is the email address of Paul Garcia?,The email address of Paul Garcia is levipaul@example.com.
What is the address of Paul Garcia?,"The address of Paul Garcia is 394 Brandy Freeway
Port Jessica, MS 78924."
When is the date of birth of Paul Garcia?,The date of birth of Paul Garcia is 28-09-1990.
When was the last transaction date for Paul Garcia?,The last transaction date for Paul Garcia was 11-05-2024.
What is the account balance of Joshua Lawrence?,The account balance of Joshua Lawrence is 4552.
What is the credit score of Joshua Lawrence?,The credit score of Joshua Lawrence is 698.
What type of account does Joshua Lawrence have?,Joshua Lawrence has a Savings account.
What is the phone number of Joshua Lawrence?,The phone number of Joshua Lawrence is 681-594-4444.
What is the email address of Joshua Lawrence?,The email address of Joshua Lawrence is qwebster@example.net.
What is the address of Joshua Lawrence?,"The address of Joshua Lawrence is PSC 4460, Box 0059
APO AP 94235."
When is the date of birth of Joshua Lawrence?,The date of birth of Joshua Lawrence is 01-08-1954.
When was the last transaction date for Joshua Lawrence?,The last transaction date for Joshua Lawrence was 18-03-2024.
What is the account balance of Jason Diaz DVM?,The account balance of Jason Diaz DVM is 7816.
What is the credit score of Jason Diaz DVM?,The credit score of Jason Diaz DVM is 682.
What type of account does Jason Diaz DVM have?,Jason Diaz DVM has a Credit account.
What is the phone number of Jason Diaz DVM?,The phone number of Jason Diaz DVM is +1-328-260-5711x35019.
What is the email address of Jason Diaz DVM?,The email address of Jason Diaz DVM is stevenbrown@example.org.
What is the address of Jason Diaz DVM?,"The address of Jason Diaz DVM is 46069 Mason Forest Suite 542
East Brandon, NV 69240."
When is the date of birth of Jason Diaz DVM?,The date of birth of Jason Diaz DVM is 07-12-1953.
When was the last transaction date for Jason Diaz DVM?,The last transaction date for Jason Diaz DVM was 21-04-2024.
What is the account balance of John Shaffer?,The account balance of John Shaffer is 9960.
What is the credit score of John Shaffer?,The credit score of John Shaffer is 386.
What type of account does John Shaffer have?,John Shaffer has a Credit account.
What is the phone number of John Shaffer?,The phone number of John Shaffer is (367)294-7417x616.
What is the email address of John Shaffer?,The email address of John Shaffer is leslie39@example.com.
What is the address of John Shaffer?,"The address of John Shaffer is 875 Wyatt Extensions Apt. 446
North Tammy, FL 95594."
When is the date of birth of John Shaffer?,The date of birth of John Shaffer is 24-02-1995.
When was the last transaction date for John Shaffer?,The last transaction date for John Shaffer was 12-02-2024.
What is the account balance of William King?,The account balance of William King is 8563.
What is the credit score of William King?,The credit score of William King is 390.
What type of account does William King have?,William King has a Credit account.
What is the phone number of William King?,The phone number of William King is 893-396-4028x359.
What is the email address of William King?,The email address of William King is amanda36@example.net.
What is the address of William King?,"The address of William King is PSC 9859, Box 5678
APO AA 28347."
When is the date of birth of William King?,The date of birth of William King is 16-07-2002.
When was the last transaction date for William King?,The last transaction date for William King was 12-06-2024.
What is the account balance of Jason Clark?,The account balance of Jason Clark is 5697.
What is the credit score of Jason Clark?,The credit score of Jason Clark is 820.
What type of account does Jason Clark have?,Jason Clark has a Investment account.
What is the phone number of Jason Clark?,The phone number of Jason Clark is 3412690214.
What is the email address of Jason Clark?,The email address of Jason Clark is charleselliott@example.net.
What is the address of Jason Clark?,"The address of Jason Clark is 85239 Carter Field Apt. 404
Villamouth, WV 53260."
When is the date of birth of Jason Clark?,The date of birth of Jason Clark is 27-08-1997.
When was the last transaction date for Jason Clark?,The last transaction date for Jason Clark was 04-01-2024.
What is the account balance of Todd Alvarez?,The account balance of Todd Alvarez is 5807.
What is the credit score of Todd Alvarez?,The credit score of Todd Alvarez is 303.
What type of account does Todd Alvarez have?,Todd Alvarez has a Savings account.
What is the phone number of Todd Alvarez?,The phone number of Todd Alvarez is 001-733-738-7126x054.
What is the email address of Todd Alvarez?,The email address of Todd Alvarez is davidallen@example.net.
What is the address of Todd Alvarez?,"The address of Todd Alvarez is USCGC Henderson
FPO AA 71457."
When is the date of birth of Todd Alvarez?,The date of birth of Todd Alvarez is 01-08-1934.
When was the last transaction date for Todd Alvarez?,The last transaction date for Todd Alvarez was 17-01-2024.
What is the account balance of Jessica Randall?,The account balance of Jessica Randall is 9841.
What is the credit score of Jessica Randall?,The credit score of Jessica Randall is 779.
What type of account does Jessica Randall have?,Jessica Randall has a Checking account.
What is the phone number of Jessica Randall?,The phone number of Jessica Randall is 001-425-543-9820x841.
What is the email address of Jessica Randall?,The email address of Jessica Randall is contreraskatie@example.com.
What is the address of Jessica Randall?,"The address of Jessica Randall is 893 Joseph Knoll
Andreaville, DE 19748."
When is the date of birth of Jessica Randall?,The date of birth of Jessica Randall is 23-06-1970.
When was the last transaction date for Jessica Randall?,The last transaction date for Jessica Randall was 28-02-2024.
What is the account balance of John Stewart?,The account balance of John Stewart is 3023.
What is the credit score of John Stewart?,The credit score of John Stewart is 411.
What type of account does John Stewart have?,John Stewart has a Investment account.
What is the phone number of John Stewart?,The phone number of John Stewart is 001-625-813-8401x9253.
What is the email address of John Stewart?,The email address of John Stewart is crystaltaylor@example.org.
What is the address of John Stewart?,"The address of John Stewart is 9380 Renee Lakes
East Robertview, GA 39442."
When is the date of birth of John Stewart?,The date of birth of John Stewart is 16-07-1967.
When was the last transaction date for John Stewart?,The last transaction date for John Stewart was 29-04-2024.
What is the account balance of John Rivera?,The account balance of John Rivera is 7447.
What is the credit score of John Rivera?,The credit score of John Rivera is 548.
What type of account does John Rivera have?,John Rivera has a Savings account.
What is the phone number of John Rivera?,The phone number of John Rivera is +1-202-964-8304x6439.
What is the email address of John Rivera?,The email address of John Rivera is wattsmichelle@example.org.
What is the address of John Rivera?,"The address of John Rivera is 764 Sarah Lake
West Laura, OH 04205."
When is the date of birth of John Rivera?,The date of birth of John Rivera is 05-09-2005.
When was the last transaction date for John Rivera?,The last transaction date for John Rivera was 01-07-2024.
What is the account balance of Daniel Cruz?,The account balance of Daniel Cruz is 3782.
What is the credit score of Daniel Cruz?,The credit score of Daniel Cruz is 401.
What type of account does Daniel Cruz have?,Daniel Cruz has a Savings account.
What is the phone number of Daniel Cruz?,The phone number of Daniel Cruz is (490)503-4223.
What is the email address of Daniel Cruz?,The email address of Daniel Cruz is thomas87@example.net.
What is the address of Daniel Cruz?,"The address of Daniel Cruz is 837 Melanie Lane Suite 580
Davilaberg, VT 13646."
When is the date of birth of Daniel Cruz?,The date of birth of Daniel Cruz is 18-11-1952.
When was the last transaction date for Daniel Cruz?,The last transaction date for Daniel Cruz was 02-05-2024.
What is the account balance of Kathy Murray?,The account balance of Kathy Murray is 9594.
What is the credit score of Kathy Murray?,The credit score of Kathy Murray is 761.
What type of account does Kathy Murray have?,Kathy Murray has a Investment account.
What is the phone number of Kathy Murray?,The phone number of Kathy Murray is 427-931-2887x59823.
What is the email address of Kathy Murray?,The email address of Kathy Murray is christopherbradley@example.com.
What is the address of Kathy Murray?,"The address of Kathy Murray is 346 Tracy Drive
East Robert, AZ 63941."
When is the date of birth of Kathy Murray?,The date of birth of Kathy Murray is 25-10-2004.
When was the last transaction date for Kathy Murray?,The last transaction date for Kathy Murray was 24-04-2024.
What is the account balance of Stephanie Graves?,The account balance of Stephanie Graves is 1507.
What is the credit score of Stephanie Graves?,The credit score of Stephanie Graves is 617.
What type of account does Stephanie Graves have?,Stephanie Graves has a Checking account.
What is the phone number of Stephanie Graves?,The phone number of Stephanie Graves is +1-855-531-1776x86324.
What is the email address of Stephanie Graves?,The email address of Stephanie Graves is cherylmorris@example.com.
What is the address of Stephanie Graves?,"The address of Stephanie Graves is 523 Jessica Point
Hamiltonhaven, WA 34081."
When is the date of birth of Stephanie Graves?,The date of birth of Stephanie Graves is 11-05-1982.
When was the last transaction date for Stephanie Graves?,The last transaction date for Stephanie Graves was 24-03-2024.
What is the account balance of Matthew Johnson?,The account balance of Matthew Johnson is 9885.
What is the credit score of Matthew Johnson?,The credit score of Matthew Johnson is 836.
What type of account does Matthew Johnson have?,Matthew Johnson has a Checking account.
What is the phone number of Matthew Johnson?,The phone number of Matthew Johnson is 268.529.4380.
What is the email address of Matthew Johnson?,The email address of Matthew Johnson is bfrost@example.com.
What is the address of Matthew Johnson?,"The address of Matthew Johnson is 6896 Kenneth Groves Apt. 360
Port Brad, KS 58454."
When is the date of birth of Matthew Johnson?,The date of birth of Matthew Johnson is 09-01-1961.
When was the last transaction date for Matthew Johnson?,The last transaction date for Matthew Johnson was 08-05-2024.
What is the account balance of Monica Hines?,The account balance of Monica Hines is 7398.
What is the credit score of Monica Hines?,The credit score of Monica Hines is 347.
What type of account does Monica Hines have?,Monica Hines has a Checking account.
What is the phone number of Monica Hines?,The phone number of Monica Hines is (309)564-0543x1673.
What is the email address of Monica Hines?,The email address of Monica Hines is smiller@example.org.
What is the address of Monica Hines?,"The address of Monica Hines is 138 Nicholas Track
Charlesville, KY 36175."
When is the date of birth of Monica Hines?,The date of birth of Monica Hines is 25-12-1992.
When was the last transaction date for Monica Hines?,The last transaction date for Monica Hines was 12-01-2024.
What is the account balance of Karen Smith?,The account balance of Karen Smith is 4412.
What is the credit score of Karen Smith?,The credit score of Karen Smith is 450.
What type of account does Karen Smith have?,Karen Smith has a Checking account.
What is the phone number of Karen Smith?,The phone number of Karen Smith is +1-389-516-4538x7318.
What is the email address of Karen Smith?,The email address of Karen Smith is chad25@example.org.
What is the address of Karen Smith?,"The address of Karen Smith is 4181 Eric Stravenue Suite 136
Port Ashley, VI 15368."
When is the date of birth of Karen Smith?,The date of birth of Karen Smith is 27-12-1939.
When was the last transaction date for Karen Smith?,The last transaction date for Karen Smith was 19-01-2024.
What is the account balance of Katie Jimenez?,The account balance of Katie Jimenez is 2832.
What is the credit score of Katie Jimenez?,The credit score of Katie Jimenez is 399.
What type of account does Katie Jimenez have?,Katie Jimenez has a Checking account.
What is the phone number of Katie Jimenez?,The phone number of Katie Jimenez is 001-961-303-5270x9177.
What is the email address of Katie Jimenez?,The email address of Katie Jimenez is lmartin@example.com.
What is the address of Katie Jimenez?,"The address of Katie Jimenez is 4343 Burnett Walk
Lisaton, NE 16623."
When is the date of birth of Katie Jimenez?,The date of birth of Katie Jimenez is 15-10-2002.
When was the last transaction date for Katie Jimenez?,The last transaction date for Katie Jimenez was 28-06-2024.
What is the account balance of Kimberly Roberts?,The account balance of Kimberly Roberts is 2684.
What is the credit score of Kimberly Roberts?,The credit score of Kimberly Roberts is 402.
What type of account does Kimberly Roberts have?,Kimberly Roberts has a Checking account.
What is the phone number of Kimberly Roberts?,The phone number of Kimberly Roberts is 346.985.2546.
What is the email address of Kimberly Roberts?,The email address of Kimberly Roberts is ihardin@example.net.
What is the address of Kimberly Roberts?,"The address of Kimberly Roberts is 502 Weeks Glens
Lake Cynthia, DC 79596."
When is the date of birth of Kimberly Roberts?,The date of birth of Kimberly Roberts is 29-05-1954.
When was the last transaction date for Kimberly Roberts?,The last transaction date for Kimberly Roberts was 04-01-2024.
What is the account balance of Emily Dominguez?,The account balance of Emily Dominguez is 2411.
What is the credit score of Emily Dominguez?,The credit score of Emily Dominguez is 534.
What type of account does Emily Dominguez have?,Emily Dominguez has a Investment account.
What is the phone number of Emily Dominguez?,The phone number of Emily Dominguez is 795-805-7325x049.
What is the email address of Emily Dominguez?,The email address of Emily Dominguez is qwalters@example.org.
What is the address of Emily Dominguez?,"The address of Emily Dominguez is 751 Martin Plaza
North Robertmouth, KS 53966."
When is the date of birth of Emily Dominguez?,The date of birth of Emily Dominguez is 16-09-1970.
When was the last transaction date for Emily Dominguez?,The last transaction date for Emily Dominguez was 07-01-2024.
What is the account balance of Julie Smith?,The account balance of Julie Smith is 7954.
What is the credit score of Julie Smith?,The credit score of Julie Smith is 448.
What type of account does Julie Smith have?,Julie Smith has a Credit account.
What is the phone number of Julie Smith?,The phone number of Julie Smith is -8748.
What is the email address of Julie Smith?,The email address of Julie Smith is qmorgan@example.com.
What is the address of Julie Smith?,"The address of Julie Smith is 2808 King Fort Suite 349
East Holly, PW 84627."
When is the date of birth of Julie Smith?,The date of birth of Julie Smith is 14-07-1965.
When was the last transaction date for Julie Smith?,The last transaction date for Julie Smith was 08-06-2024.
What is the account balance of Maria Robinson MD?,The account balance of Maria Robinson MD is 3580.
What is the credit score of Maria Robinson MD?,The credit score of Maria Robinson MD is 399.
What type of account does Maria Robinson MD have?,Maria Robinson MD has a Credit account.
What is the phone number of Maria Robinson MD?,The phone number of Maria Robinson MD is +1-612-265-6394x59322.
What is the email address of Maria Robinson MD?,The email address of Maria Robinson MD is lewisjohn@example.org.
What is the address of Maria Robinson MD?,"The address of Maria Robinson MD is 918 Nicholas Groves Suite 503
Lewisfurt, MO 65010."
When is the date of birth of Maria Robinson MD?,The date of birth of Maria Robinson MD is 03-10-1994.
When was the last transaction date for Maria Robinson MD?,The last transaction date for Maria Robinson MD was 16-01-2024.
What is the account balance of Susan Flores?,The account balance of Susan Flores is 1471.
What is the credit score of Susan Flores?,The credit score of Susan Flores is 355.
What type of account does Susan Flores have?,Susan Flores has a Investment account.
What is the phone number of Susan Flores?,The phone number of Susan Flores is +1-370-823-6152x71961.
What is the email address of Susan Flores?,The email address of Susan Flores is alvarezjoseph@example.org.
What is the address of Susan Flores?,"The address of Susan Flores is PSC 8835, Box 0250
APO AE 90838."
When is the date of birth of Susan Flores?,The date of birth of Susan Flores is 16-03-1945.
When was the last transaction date for Susan Flores?,The last transaction date for Susan Flores was 08-04-2024.
What is the account balance of Mary Crawford?,The account balance of Mary Crawford is 2419.
What is the credit score of Mary Crawford?,The credit score of Mary Crawford is 524.
What type of account does Mary Crawford have?,Mary Crawford has a Savings account.
What is the phone number of Mary Crawford?,The phone number of Mary Crawford is 757.310.5256.
What is the email address of Mary Crawford?,The email address of Mary Crawford is sandovalandrew@example.org.
What is the address of Mary Crawford?,"The address of Mary Crawford is 71253 Jesse Extensions Suite 278
Port Jonathan, SC 41076."
When is the date of birth of Mary Crawford?,The date of birth of Mary Crawford is 20-08-1947.
When was the last transaction date for Mary Crawford?,The last transaction date for Mary Crawford was 18-03-2024.
What is the account balance of Sean Howell?,The account balance of Sean Howell is 6975.
What is the credit score of Sean Howell?,The credit score of Sean Howell is 690.
What type of account does Sean Howell have?,Sean Howell has a Checking account.
What is the phone number of Sean Howell?,The phone number of Sean Howell is -6666.
What is the email address of Sean Howell?,The email address of Sean Howell is teresa89@example.net.
What is the address of Sean Howell?,"The address of Sean Howell is 2817 Patterson Course Suite 833
Joseberg, IN 28348."
When is the date of birth of Sean Howell?,The date of birth of Sean Howell is 20-07-1949.
When was the last transaction date for Sean Howell?,The last transaction date for Sean Howell was 16-04-2024.
What is the account balance of Colleen Lewis?,The account balance of Colleen Lewis is 9248.
What is the credit score of Colleen Lewis?,The credit score of Colleen Lewis is 411.
What type of account does Colleen Lewis have?,Colleen Lewis has a Investment account.
What is the phone number of Colleen Lewis?,The phone number of Colleen Lewis is 639-734-9517.
What is the email address of Colleen Lewis?,The email address of Colleen Lewis is lopezheather@example.org.
What is the address of Colleen Lewis?,"The address of Colleen Lewis is 8002 Johnson Throughway
Rachelville, TX 64473."
When is the date of birth of Colleen Lewis?,The date of birth of Colleen Lewis is 08-08-1970.
When was the last transaction date for Colleen Lewis?,The last transaction date for Colleen Lewis was 27-03-2024.
What is the account balance of Melinda Perez?,The account balance of Melinda Perez is 9808.
What is the credit score of Melinda Perez?,The credit score of Melinda Perez is 641.
What type of account does Melinda Perez have?,Melinda Perez has a Checking account.
What is the phone number of Melinda Perez?,The phone number of Melinda Perez is +1-424-574-0804x203.
What is the email address of Melinda Perez?,The email address of Melinda Perez is chooper@example.net.
What is the address of Melinda Perez?,"The address of Melinda Perez is 8258 Dan Avenue
Timothyport, VI 33935."
When is the date of birth of Melinda Perez?,The date of birth of Melinda Perez is 30-03-1958.
When was the last transaction date for Melinda Perez?,The last transaction date for Melinda Perez was 27-01-2024.
What is the account balance of Christopher Sutton?,The account balance of Christopher Sutton is 3806.
What is the credit score of Christopher Sutton?,The credit score of Christopher Sutton is 467.
What type of account does Christopher Sutton have?,Christopher Sutton has a Credit account.
What is the phone number of Christopher Sutton?,The phone number of Christopher Sutton is 001-876-626-0025x573.
What is the email address of Christopher Sutton?,The email address of Christopher Sutton is cbaker@example.org.
What is the address of Christopher Sutton?,"The address of Christopher Sutton is 3274 Lorraine Roads Suite 597
South Amandatown, LA 30611."
When is the date of birth of Christopher Sutton?,The date of birth of Christopher Sutton is 09-05-1989.
When was the last transaction date for Christopher Sutton?,The last transaction date for Christopher Sutton was 20-06-2024.
What is the account balance of Mrs. Brenda Goodman?,The account balance of Mrs. Brenda Goodman is 4687.
What is the credit score of Mrs. Brenda Goodman?,The credit score of Mrs. Brenda Goodman is 794.
What type of account does Mrs. Brenda Goodman have?,Mrs. Brenda Goodman has a Savings account.
What is the phone number of Mrs. Brenda Goodman?,The phone number of Mrs. Brenda Goodman is (759)449-2627x89343.
What is the email address of Mrs. Brenda Goodman?,The email address of Mrs. Brenda Goodman is yfarmer@example.net.
What is the address of Mrs. Brenda Goodman?,"The address of Mrs. Brenda Goodman is 6962 Rhodes Cliffs
South Patricia, AZ 07936."
When is the date of birth of Mrs. Brenda Goodman?,The date of birth of Mrs. Brenda Goodman is 03-07-1941.
When was the last transaction date for Mrs. Brenda Goodman?,The last transaction date for Mrs. Brenda Goodman was 09-01-2024.
What is the account balance of Nicholas Dodson?,The account balance of Nicholas Dodson is 9650.
What is the credit score of Nicholas Dodson?,The credit score of Nicholas Dodson is 746.
What type of account does Nicholas Dodson have?,Nicholas Dodson has a Credit account.
What is the phone number of Nicholas Dodson?,The phone number of Nicholas Dodson is 644.660.6209x67588.
What is the email address of Nicholas Dodson?,The email address of Nicholas Dodson is alvareztimothy@example.com.
What is the address of Nicholas Dodson?,"The address of Nicholas Dodson is 2548 Bradley Creek Apt. 423
Bellchester, MN 44090."
When is the date of birth of Nicholas Dodson?,The date of birth of Nicholas Dodson is 09-01-1953.
When was the last transaction date for Nicholas Dodson?,The last transaction date for Nicholas Dodson was 21-02-2024.
What is the account balance of Joseph Hughes?,The account balance of Joseph Hughes is 6857.
What is the credit score of Joseph Hughes?,The credit score of Joseph Hughes is 656.
What type of account does Joseph Hughes have?,Joseph Hughes has a Checking account.
What is the phone number of Joseph Hughes?,The phone number of Joseph Hughes is 001-915-540-9527x948.
What is the email address of Joseph Hughes?,The email address of Joseph Hughes is utran@example.com.
What is the address of Joseph Hughes?,"The address of Joseph Hughes is 58563 Guerrero Station Apt. 355
Royside, WV 20259."
When is the date of birth of Joseph Hughes?,The date of birth of Joseph Hughes is 01-08-1986.
When was the last transaction date for Joseph Hughes?,The last transaction date for Joseph Hughes was 10-06-2024.
What is the account balance of Emily Nguyen?,The account balance of Emily Nguyen is 1730.
What is the credit score of Emily Nguyen?,The credit score of Emily Nguyen is 377.
What type of account does Emily Nguyen have?,Emily Nguyen has a Investment account.
What is the phone number of Emily Nguyen?,The phone number of Emily Nguyen is -1972.
What is the email address of Emily Nguyen?,The email address of Emily Nguyen is jeremy10@example.net.
What is the address of Emily Nguyen?,"The address of Emily Nguyen is 79951 Chang Views Apt. 121
North Nicholas, HI 71506."
When is the date of birth of Emily Nguyen?,The date of birth of Emily Nguyen is 04-02-1958.
When was the last transaction date for Emily Nguyen?,The last transaction date for Emily Nguyen was 06-05-2024.
What is the account balance of Matthew Huang?,The account balance of Matthew Huang is 1010.
What is the credit score of Matthew Huang?,The credit score of Matthew Huang is 343.
What type of account does Matthew Huang have?,Matthew Huang has a Checking account.
What is the phone number of Matthew Huang?,The phone number of Matthew Huang is 001-312-865-6593.
What is the email address of Matthew Huang?,The email address of Matthew Huang is xmcgrath@example.com.
What is the address of Matthew Huang?,"The address of Matthew Huang is 1492 Samuel Garden Apt. 595
Freemanstad, OR 24374."
When is the date of birth of Matthew Huang?,The date of birth of Matthew Huang is 22-09-1976.
When was the last transaction date for Matthew Huang?,The last transaction date for Matthew Huang was 19-01-2024.
What is the account balance of Michelle Barrett?,The account balance of Michelle Barrett is 1810.
What is the credit score of Michelle Barrett?,The credit score of Michelle Barrett is 329.
What type of account does Michelle Barrett have?,Michelle Barrett has a Investment account.
What is the phone number of Michelle Barrett?,The phone number of Michelle Barrett is 717-789-5100x104.
What is the email address of Michelle Barrett?,The email address of Michelle Barrett is vanessa32@example.org.
What is the address of Michelle Barrett?,"The address of Michelle Barrett is 1995 Nicole Throughway Suite 104
Hoville, CT 47248."
When is the date of birth of Michelle Barrett?,The date of birth of Michelle Barrett is 07-12-1940.
When was the last transaction date for Michelle Barrett?,The last transaction date for Michelle Barrett was 23-01-2024.
What is the account balance of Robert Moses?,The account balance of Robert Moses is 3013.
What is the credit score of Robert Moses?,The credit score of Robert Moses is 563.
What type of account does Robert Moses have?,Robert Moses has a Savings account.
What is the phone number of Robert Moses?,The phone number of Robert Moses is +1-225-606-5175x8511.
What is the email address of Robert Moses?,The email address of Robert Moses is anthony45@example.net.
What is the address of Robert Moses?,"The address of Robert Moses is 9607 Jones Green Apt. 107
Ballburgh, AS 23856."
When is the date of birth of Robert Moses?,The date of birth of Robert Moses is 15-02-1942.
When was the last transaction date for Robert Moses?,The last transaction date for Robert Moses was 25-02-2024.
What is the account balance of Charlotte Johnson?,The account balance of Charlotte Johnson is 5379.
What is the credit score of Charlotte Johnson?,The credit score of Charlotte Johnson is 782.
What type of account does Charlotte Johnson have?,Charlotte Johnson has a Savings account.
What is the phone number of Charlotte Johnson?,The phone number of Charlotte Johnson is 762.935.6932x0074.
What is the email address of Charlotte Johnson?,The email address of Charlotte Johnson is scottbaker@example.org.
What is the address of Charlotte Johnson?,"The address of Charlotte Johnson is 453 Richard Point Apt. 510
West Justinside, MI 11899."
When is the date of birth of Charlotte Johnson?,The date of birth of Charlotte Johnson is 26-10-1945.
When was the last transaction date for Charlotte Johnson?,The last transaction date for Charlotte Johnson was 02-01-2024.
What is the account balance of Drew Hinton?,The account balance of Drew Hinton is 2770.
What is the credit score of Drew Hinton?,The credit score of Drew Hinton is 518.
What type of account does Drew Hinton have?,Drew Hinton has a Savings account.
What is the phone number of Drew Hinton?,The phone number of Drew Hinton is 959.761.7085.
What is the email address of Drew Hinton?,The email address of Drew Hinton is edward83@example.org.
What is the address of Drew Hinton?,"The address of Drew Hinton is 624 Karen Mountains
West Mackenzie, FL 38536."
When is the date of birth of Drew Hinton?,The date of birth of Drew Hinton is 09-03-1937.
When was the last transaction date for Drew Hinton?,The last transaction date for Drew Hinton was 01-07-2024.
What is the account balance of Adam Moore?,The account balance of Adam Moore is 7973.
What is the credit score of Adam Moore?,The credit score of Adam Moore is 517.
What type of account does Adam Moore have?,Adam Moore has a Savings account.
What is the phone number of Adam Moore?,The phone number of Adam Moore is (933)454-5410x5736.
What is the email address of Adam Moore?,The email address of Adam Moore is danielle68@example.com.
What is the address of Adam Moore?,"The address of Adam Moore is 702 Payne Spurs Apt. 133
East Rachel, NE 78996."
When is the date of birth of Adam Moore?,The date of birth of Adam Moore is 25-03-1949.
When was the last transaction date for Adam Moore?,The last transaction date for Adam Moore was 20-05-2024.
What is the account balance of Amy James?,The account balance of Amy James is 7558.
What is the credit score of Amy James?,The credit score of Amy James is 768.
What type of account does Amy James have?,Amy James has a Credit account.
What is the phone number of Amy James?,The phone number of Amy James is +1-497-371-7356x7857.
What is the email address of Amy James?,The email address of Amy James is yallen@example.net.
What is the address of Amy James?,"The address of Amy James is 0336 Price Greens
Hansenfurt, VA 36649."
When is the date of birth of Amy James?,The date of birth of Amy James is 14-02-1987.
When was the last transaction date for Amy James?,The last transaction date for Amy James was 25-06-2024.
What is the account balance of Jennifer Gonzalez?,The account balance of Jennifer Gonzalez is 9041.
What is the credit score of Jennifer Gonzalez?,The credit score of Jennifer Gonzalez is 518.
What type of account does Jennifer Gonzalez have?,Jennifer Gonzalez has a Credit account.
What is the phone number of Jennifer Gonzalez?,The phone number of Jennifer Gonzalez is (302)592-0396.
What is the email address of Jennifer Gonzalez?,The email address of Jennifer Gonzalez is lreed@example.org.
What is the address of Jennifer Gonzalez?,"The address of Jennifer Gonzalez is 1024 Donna Manors
Lorifurt, NJ 33658."
When is the date of birth of Jennifer Gonzalez?,The date of birth of Jennifer Gonzalez is 30-12-1967.
When was the last transaction date for Jennifer Gonzalez?,The last transaction date for Jennifer Gonzalez was 06-04-2024.
What is the account balance of Ryan Tran?,The account balance of Ryan Tran is 8003.
What is the credit score of Ryan Tran?,The credit score of Ryan Tran is 547.
What type of account does Ryan Tran have?,Ryan Tran has a Investment account.
What is the phone number of Ryan Tran?,The phone number of Ryan Tran is (422)381-8674.
What is the email address of Ryan Tran?,The email address of Ryan Tran is hansonalexander@example.net.
What is the address of Ryan Tran?,"The address of Ryan Tran is 1175 Michelle Mission Suite 452
North Carrieport, AK 90160."
When is the date of birth of Ryan Tran?,The date of birth of Ryan Tran is 16-11-1955.
When was the last transaction date for Ryan Tran?,The last transaction date for Ryan Tran was 26-01-2024.
What is the account balance of Jill Peterson?,The account balance of Jill Peterson is 2276.
What is the credit score of Jill Peterson?,The credit score of Jill Peterson is 712.
What type of account does Jill Peterson have?,Jill Peterson has a Checking account.
What is the phone number of Jill Peterson?,The phone number of Jill Peterson is +1-704-335-9154x72682.
What is the email address of Jill Peterson?,The email address of Jill Peterson is qmiller@example.com.
What is the address of Jill Peterson?,"The address of Jill Peterson is 3128 Beasley Points Apt. 641
Port Christopherchester, OR 21277."
When is the date of birth of Jill Peterson?,The date of birth of Jill Peterson is 09-11-1984.
When was the last transaction date for Jill Peterson?,The last transaction date for Jill Peterson was 18-06-2024.
What is the account balance of Leroy Mcmillan?,The account balance of Leroy Mcmillan is 8047.
What is the credit score of Leroy Mcmillan?,The credit score of Leroy Mcmillan is 337.
What type of account does Leroy Mcmillan have?,Leroy Mcmillan has a Savings account.
What is the phone number of Leroy Mcmillan?,The phone number of Leroy Mcmillan is 411-557-8886x43324.
What is the email address of Leroy Mcmillan?,The email address of Leroy Mcmillan is xdiaz@example.com.
What is the address of Leroy Mcmillan?,"The address of Leroy Mcmillan is 34726 Faulkner Throughway Suite 981
Marthafurt, NY 99512."
When is the date of birth of Leroy Mcmillan?,The date of birth of Leroy Mcmillan is 26-08-1941.
When was the last transaction date for Leroy Mcmillan?,The last transaction date for Leroy Mcmillan was 07-04-2024.
What is the account balance of Jill Moore?,The account balance of Jill Moore is 5050.
What is the credit score of Jill Moore?,The credit score of Jill Moore is 519.
What type of account does Jill Moore have?,Jill Moore has a Savings account.
What is the phone number of Jill Moore?,The phone number of Jill Moore is 001-566-602-4683x635.
What is the email address of Jill Moore?,The email address of Jill Moore is brandy45@example.com.
What is the address of Jill Moore?,"The address of Jill Moore is 718 Waller Port
Austinstad, PA 62553."
When is the date of birth of Jill Moore?,The date of birth of Jill Moore is 16-04-1973.
When was the last transaction date for Jill Moore?,The last transaction date for Jill Moore was 20-01-2024.
What is the account balance of Angel Butler?,The account balance of Angel Butler is 3894.
What is the credit score of Angel Butler?,The credit score of Angel Butler is 483.
What type of account does Angel Butler have?,Angel Butler has a Credit account.
What is the phone number of Angel Butler?,The phone number of Angel Butler is 886-335-8085.
What is the email address of Angel Butler?,The email address of Angel Butler is katie06@example.org.
What is the address of Angel Butler?,"The address of Angel Butler is 229 Brown Orchard Apt. 059
Lake Daniel, ID 51579."
When is the date of birth of Angel Butler?,The date of birth of Angel Butler is 19-05-1965.
When was the last transaction date for Angel Butler?,The last transaction date for Angel Butler was 16-01-2024.
What is the account balance of Lisa Allen?,The account balance of Lisa Allen is 1197.
What is the credit score of Lisa Allen?,The credit score of Lisa Allen is 480.
What type of account does Lisa Allen have?,Lisa Allen has a Investment account.
What is the phone number of Lisa Allen?,The phone number of Lisa Allen is (495)219-6964x0038.
What is the email address of Lisa Allen?,The email address of Lisa Allen is mark78@example.net.
What is the address of Lisa Allen?,"The address of Lisa Allen is 8421 John Heights
North Tommy, AR 12174."
When is the date of birth of Lisa Allen?,The date of birth of Lisa Allen is 26-12-1963.
When was the last transaction date for Lisa Allen?,The last transaction date for Lisa Allen was 30-05-2024.
What is the account balance of Dana Pearson?,The account balance of Dana Pearson is 5624.
What is the credit score of Dana Pearson?,The credit score of Dana Pearson is 618.
What type of account does Dana Pearson have?,Dana Pearson has a Credit account.
What is the phone number of Dana Pearson?,The phone number of Dana Pearson is (426)981-3543x9925.
What is the email address of Dana Pearson?,The email address of Dana Pearson is larrybowen@example.org.
What is the address of Dana Pearson?,"The address of Dana Pearson is 0242 Brown Spur
Ronaldfurt, NV 22777."
When is the date of birth of Dana Pearson?,The date of birth of Dana Pearson is 12-03-1975.
When was the last transaction date for Dana Pearson?,The last transaction date for Dana Pearson was 30-05-2024.
What is the account balance of Beth Rice?,The account balance of Beth Rice is 6025.
What is the credit score of Beth Rice?,The credit score of Beth Rice is 580.
What type of account does Beth Rice have?,Beth Rice has a Checking account.
What is the phone number of Beth Rice?,The phone number of Beth Rice is 001-674-827-1566x3494.
What is the email address of Beth Rice?,The email address of Beth Rice is davisryan@example.com.
What is the address of Beth Rice?,"The address of Beth Rice is 943 Megan Expressway Apt. 780
Maldonadoborough, VA 29221."
When is the date of birth of Beth Rice?,The date of birth of Beth Rice is 13-08-1951.
When was the last transaction date for Beth Rice?,The last transaction date for Beth Rice was 04-06-2024.
What is the account balance of Megan Peterson?,The account balance of Megan Peterson is 4161.
What is the credit score of Megan Peterson?,The credit score of Megan Peterson is 502.
What type of account does Megan Peterson have?,Megan Peterson has a Checking account.
What is the phone number of Megan Peterson?,The phone number of Megan Peterson is (905)820-7888x28389.
What is the email address of Megan Peterson?,The email address of Megan Peterson is hmyers@example.com.
What is the address of Megan Peterson?,"The address of Megan Peterson is PSC 8126, Box 2015
APO AA 85996."
When is the date of birth of Megan Peterson?,The date of birth of Megan Peterson is 20-11-1955.
When was the last transaction date for Megan Peterson?,The last transaction date for Megan Peterson was 30-01-2024.
What is the account balance of Nicole Marquez?,The account balance of Nicole Marquez is 1629.
What is the credit score of Nicole Marquez?,The credit score of Nicole Marquez is 791.
What type of account does Nicole Marquez have?,Nicole Marquez has a Checking account.
What is the phone number of Nicole Marquez?,The phone number of Nicole Marquez is 205.653.6634x824.
What is the email address of Nicole Marquez?,The email address of Nicole Marquez is sandraglover@example.net.
What is the address of Nicole Marquez?,"The address of Nicole Marquez is 6309 Ashley Roads
Crossmouth, AS 61631."
When is the date of birth of Nicole Marquez?,The date of birth of Nicole Marquez is 16-07-1957.
When was the last transaction date for Nicole Marquez?,The last transaction date for Nicole Marquez was 30-05-2024.
What is the account balance of Amanda Roberts?,The account balance of Amanda Roberts is 2056.
What is the credit score of Amanda Roberts?,The credit score of Amanda Roberts is 620.
What type of account does Amanda Roberts have?,Amanda Roberts has a Investment account.
What is the phone number of Amanda Roberts?,The phone number of Amanda Roberts is (543)403-5816.
What is the email address of Amanda Roberts?,The email address of Amanda Roberts is carlosscott@example.net.
What is the address of Amanda Roberts?,"The address of Amanda Roberts is 20379 Jonathan Branch
Matthewhaven, NE 66491."
When is the date of birth of Amanda Roberts?,The date of birth of Amanda Roberts is 09-04-1950.
When was the last transaction date for Amanda Roberts?,The last transaction date for Amanda Roberts was 14-02-2024.
What is the account balance of Cathy Buchanan?,The account balance of Cathy Buchanan is 5097.
What is the credit score of Cathy Buchanan?,The credit score of Cathy Buchanan is 323.
What type of account does Cathy Buchanan have?,Cathy Buchanan has a Investment account.
What is the phone number of Cathy Buchanan?,The phone number of Cathy Buchanan is 9667346151.
What is the email address of Cathy Buchanan?,The email address of Cathy Buchanan is deanchristopher@example.net.
What is the address of Cathy Buchanan?,"The address of Cathy Buchanan is 594 Perkins Valleys
North Louisland, MO 65381."
When is the date of birth of Cathy Buchanan?,The date of birth of Cathy Buchanan is 12-05-2006.
When was the last transaction date for Cathy Buchanan?,The last transaction date for Cathy Buchanan was 19-06-2024.
What is the account balance of Stephen Wong?,The account balance of Stephen Wong is 7391.
What is the credit score of Stephen Wong?,The credit score of Stephen Wong is 755.
What type of account does Stephen Wong have?,Stephen Wong has a Savings account.
What is the phone number of Stephen Wong?,The phone number of Stephen Wong is 001-882-810-8089x14713.
What is the email address of Stephen Wong?,The email address of Stephen Wong is nvaldez@example.org.
What is the address of Stephen Wong?,"The address of Stephen Wong is 16304 Gregory Ferry Apt. 918
Sheltonmouth, PA 00816."
When is the date of birth of Stephen Wong?,The date of birth of Stephen Wong is 12-10-1977.
When was the last transaction date for Stephen Wong?,The last transaction date for Stephen Wong was 24-05-2024.
What is the account balance of Claudia Davidson?,The account balance of Claudia Davidson is 7282.
What is the credit score of Claudia Davidson?,The credit score of Claudia Davidson is 483.
What type of account does Claudia Davidson have?,Claudia Davidson has a Investment account.
What is the phone number of Claudia Davidson?,The phone number of Claudia Davidson is 001-981-358-6894x9495.
What is the email address of Claudia Davidson?,The email address of Claudia Davidson is rangeljonathan@example.com.
What is the address of Claudia Davidson?,"The address of Claudia Davidson is PSC 1800, Box 5413
APO AP 98885."
When is the date of birth of Claudia Davidson?,The date of birth of Claudia Davidson is 03-01-1967.
When was the last transaction date for Claudia Davidson?,The last transaction date for Claudia Davidson was 28-01-2024.
What is the account balance of Luis Rose?,The account balance of Luis Rose is 5545.
What is the credit score of Luis Rose?,The credit score of Luis Rose is 482.
What type of account does Luis Rose have?,Luis Rose has a Investment account.
What is the phone number of Luis Rose?,The phone number of Luis Rose is +1-443-773-3354x0319.
What is the email address of Luis Rose?,The email address of Luis Rose is duncanjamie@example.com.
What is the address of Luis Rose?,"The address of Luis Rose is 2510 David Springs
South Erichaven, VT 30947."
When is the date of birth of Luis Rose?,The date of birth of Luis Rose is 24-12-1957.
When was the last transaction date for Luis Rose?,The last transaction date for Luis Rose was 18-06-2024.
What is the account balance of Tammy Whitney?,The account balance of Tammy Whitney is 2013.
What is the credit score of Tammy Whitney?,The credit score of Tammy Whitney is 738.
What type of account does Tammy Whitney have?,Tammy Whitney has a Savings account.
What is the phone number of Tammy Whitney?,The phone number of Tammy Whitney is (831)285-4309x6432.
What is the email address of Tammy Whitney?,The email address of Tammy Whitney is toddmichael@example.net.
What is the address of Tammy Whitney?,"The address of Tammy Whitney is 43977 Richardson Parks Apt. 620
Jillshire, AS 72366."
When is the date of birth of Tammy Whitney?,The date of birth of Tammy Whitney is 21-06-1977.
When was the last transaction date for Tammy Whitney?,The last transaction date for Tammy Whitney was 26-06-2024.
What is the account balance of Adrian Mclean?,The account balance of Adrian Mclean is 9263.
What is the credit score of Adrian Mclean?,The credit score of Adrian Mclean is 411.
What type of account does Adrian Mclean have?,Adrian Mclean has a Savings account.
What is the phone number of Adrian Mclean?,The phone number of Adrian Mclean is 877-793-0626x9834.
What is the email address of Adrian Mclean?,The email address of Adrian Mclean is ybutler@example.org.
What is the address of Adrian Mclean?,"The address of Adrian Mclean is 2639 Casey Centers Suite 116
Rossfort, ND 55086."
When is the date of birth of Adrian Mclean?,The date of birth of Adrian Mclean is 05-12-1949.
When was the last transaction date for Adrian Mclean?,The last transaction date for Adrian Mclean was 17-04-2024.
What is the account balance of Amanda Garcia?,The account balance of Amanda Garcia is 3168.
What is the credit score of Amanda Garcia?,The credit score of Amanda Garcia is 659.
What type of account does Amanda Garcia have?,Amanda Garcia has a Savings account.
What is the phone number of Amanda Garcia?,The phone number of Amanda Garcia is 940.394.3304x3381.
What is the email address of Amanda Garcia?,The email address of Amanda Garcia is james60@example.com.
What is the address of Amanda Garcia?,"The address of Amanda Garcia is 735 Caitlin Light
Lake Marc, MN 46996."
When is the date of birth of Amanda Garcia?,The date of birth of Amanda Garcia is 23-06-1990.
When was the last transaction date for Amanda Garcia?,The last transaction date for Amanda Garcia was 27-04-2024.
